{
    "normals":[0.774834,-0.287576,0.562944,0.908811,0.28486,0.304727,0.570666,0.28489,0.770165,-0.0858791,-0.538133,0.838466,-0.0946379,0.446791,0.889584,-0.628956,0.322764,0.707236,-0.836573,-0.522263,-0.16541,-0.86581,0.322977,0.382092,-0.881008,0.429945,-0.197302,-0.295938,-0.287576,-0.910855,-0.556108,0.28489,-0.780725,-0.00897244,0.28489,-0.958495,0.774834,-0.287576,-0.562944,0.599567,0.519578,-0.608692,0.764183,0.519578,-0.382122,0.116733,0.791223,0.600238,0.422163,0.86169,0.281472,-0.102908,0.994476,0.0194708,-0.590838,0.67629,0.439863,-0.367199,0.794977,0.482833,-0.222419,0.959563,0.172491,-0.534989,0.787805,-0.305124,-0.570788,0.797235,0.196417,-0.0430006,0.9953,0.0864284,0.267464,0.837275,-0.476852,-0.135502,0.861568,-0.489151,0.140934,0.988983,0.0447707,0.538743,0.835627,-0.106815,0.219214,0.962432,-0.16007,0.000640889,0.989013,-0.147771,-0.000976592,0.999969,0.00183111,0.281472,-0.412549,-0.866329,-0.73693,-0.412549,-0.535417,-0.71865,-0.467605,0.514634,0.281472,-0.412549,0.866329,0.910916,-0.412549,0,0.614949,-0.493635,0.614949,0.614949,-0.493634,-0.614949,-0.614949,-0.493634,-0.614949,-0.614949,-0.493635,0.614949,-0,1,3.37017e-07],
    "metadata":{
        "generator":"io_three",
        "type":"Geometry",
        "faces":55,
        "materials":2,
        "normals":41,
        "vertices":41,
        "version":3,
        "uvs":1
    },
    "uvs":[[-0.47717,0.068047,-0.100032,0.846328,-0.970173,0.846328,-0.043257,0.068046,0.437732,0.846328,-0.585171,0.005444,0.437732,0.068054,-0.100032,0.038479,0.975497,0.846328,-0.585171,0.846328,1.35264,0.068047,1.84564,0.846328,0.918721,-0.980357,1.63537,-0.370128,0.720448,-0.370125,-0.47717,0.564823,-0.970164,1.1622,-0.10003,1.26751,-0.821537,1.4149,-1.04262,0.5,-0.302443,1.03776,0.918721,1.98036,-0.01973,1.9079,0.720448,1.37013,1.99427,0.5,1.63537,1.37013,1.35264,0.5,0.437732,0.5,-0.302443,-0.037762,-0.821537,-0.414902,-0.01973,-0.907896,2.09283,0.846328,1.63537,0.931154,1.99427,1.6246,2.09283,1.03776,1.46064,1.9079,1.91809,1.62461,1.30786,0.931154,-0.01973,1.76125,0.918721,1.62461,-0.821537,1.62461,0.437732,1.21629,1.35264,1.62461,-0.01973,1.1622,-0.821537,0.564823,1.46064,0.846328,1.63537,1.76125,-0.432396,1.76125,0.437732,1.6246,0.895194,-0.068596,1.30786,-0.068593,-0.970173,0.005444,-0.432396,-0.761252,0.437732,-0.068593,0.5,-1.41997,0.5,2.41997,2.41997,-1.41997,-1.41997,-1.41997,2.41997,0.5,-1.41997,0.5]],
    "vertices":[8.23473,-1.75112,5.98281,10.8231,0.395076,3.5166,6.68906,0.395076,9.2067,-3.14532,-1.75112,9.68048,1.06998e-06,0.395076,11.3801,-6.68906,-1.92375,9.2067,-10.1787,-1.7511,7.49719e-06,-10.8231,-1.83266,3.5166,-10.8231,0.395077,-3.51659,-3.14532,-1.75112,-9.68047,-6.68906,0.395077,-9.20668,1.06998e-06,0.395077,-11.3801,8.23473,-1.75112,-5.9828,6.68906,0.395077,-9.20668,10.8231,0.395077,-3.51659,3.14532,2.54127,9.68048,7.83167,2.91807,5.69002,1.84876,2.86479,5.69,-8.23472,-0.381207,5.98281,-2.99147,1.26612,9.20664,-4.84021,1.55653,3.51659,-8.23472,2.54127,-5.9828,-9.68046,1.41528,7.73624e-06,-4.84021,2.90028,-3.51657,3.14532,2.54127,-9.68047,-2.99147,2.91808,-9.20663,1.84876,2.06393,-5.68999,10.1787,2.54125,7.82125e-06,7.83167,0.628994,-5.69001,5.98286,2.09811,7.7878e-06,1.06998e-06,2.26364,7.80029e-06,2.99147,-2.12792,-9.20663,-7.83166,-2.12792,-5.69001,-7.83166,-4.038,5.69002,2.99147,-2.12793,9.20664,9.68046,-2.12792,7.46874e-06,1.06998e-06,0.224173,9.55042,1.06998e-06,-11.6733,1.05628e-05,9.55041,0.224175,1.52757e-05,6.99761e-08,0.224179,-9.55039,-9.55041,0.224175,1.52757e-05],
    "faces":[42,0,1,2,0,0,1,2,0,1,2,42,3,4,5,0,3,4,5,3,4,5,42,6,7,8,0,6,7,8,6,7,8,42,9,10,11,0,3,9,4,9,10,11,42,12,13,14,0,10,11,8,12,13,14,42,15,16,17,0,12,13,14,15,16,17,42,18,19,20,0,15,16,17,18,19,20,42,21,22,23,0,18,19,20,21,22,23,42,24,25,26,0,21,22,23,24,25,26,42,27,28,29,0,24,25,26,27,28,29,42,29,26,30,0,26,23,27,29,26,30,42,29,28,26,0,26,25,23,29,28,26,42,28,24,26,0,25,21,23,28,24,26,42,26,23,30,0,23,20,27,26,23,30,42,26,25,23,0,23,22,20,26,25,23,42,25,21,23,0,22,18,20,25,21,23,42,23,20,30,0,20,28,27,23,20,30,42,23,22,20,0,20,19,28,23,22,20,42,22,18,20,0,19,29,28,22,18,20,42,20,17,30,0,28,14,27,20,17,30,42,20,19,17,0,28,30,14,20,19,17,42,19,15,17,0,30,12,14,19,15,17,42,17,29,30,0,14,26,27,17,29,30,42,17,16,29,0,14,13,26,17,16,29,42,16,27,29,0,13,24,26,16,27,29,42,14,28,27,0,31,32,33,14,28,27,42,14,13,28,0,34,35,25,14,13,28,42,13,24,28,0,11,36,37,13,24,28,42,11,25,24,0,4,38,39,11,25,24,42,11,10,25,0,4,9,38,11,10,25,42,10,21,25,0,9,40,38,10,21,25,42,8,22,21,0,8,41,42,8,22,21,42,8,7,22,0,8,7,41,8,7,22,42,7,18,22,0,7,15,41,7,18,22,42,5,19,18,0,5,43,44,5,19,18,42,5,4,19,0,5,4,43,5,4,19,42,4,15,19,0,4,39,43,4,15,19,42,2,16,15,0,45,46,39,2,16,15,42,2,1,16,0,2,1,47,2,1,16,42,1,27,16,0,1,48,47,1,27,16,42,13,11,24,0,45,4,39,13,11,24,42,13,31,11,0,45,49,4,13,31,11,42,10,8,21,0,11,8,42,10,8,21,42,10,32,8,0,11,50,8,10,32,8,42,7,5,18,0,7,51,15,7,5,18,42,7,33,5,0,7,52,51,7,33,5,42,4,2,15,0,4,45,39,4,2,15,42,4,34,2,0,4,49,45,4,34,2,42,1,14,27,0,1,8,48,1,14,27,42,1,35,14,0,1,53,8,1,35,14,42,36,37,38,1,54,55,56,36,36,36,42,38,37,39,1,56,55,54,37,37,37,42,39,37,40,1,57,55,54,38,38,38,42,40,37,36,1,57,55,54,39,39,39,43,36,38,39,40,1,55,58,54,59,40,40,40,40],
    "materials":[{
        "colorEmissive":[0,0,0],
        "depthWrite":true,
        "DbgName":"island_grass",
        "opacity":1,
        "colorSpecular":[0.5,0.5,0.5],
        "mapDiffuseAnisotropy":1,
        "mapDiffuseWrap":["repeat","repeat"],
        "mapDiffuse":"white_smooth_texture.png",
        "colorDiffuse":[0.8,0.8,0.8],
        "specularCoef":115,
        "mapDiffuseRepeat":[1,1],
        "blending":"NormalBlending",
        "depthTest":true,
        "shading":"phong",
        "transparent":true,
        "visible":true,
        "DbgColor":15597568,
        "wireframe":false,
        "doubleSided":false,
        "DbgIndex":1
    },{
        "colorEmissive":[0,0,0],
        "depthWrite":true,
        "DbgName":"grass_bottom",
        "opacity":1,
        "colorSpecular":[0.5,0.5,0.5],
        "mapDiffuseAnisotropy":1,
        "mapDiffuseWrap":["repeat","repeat"],
        "mapDiffuse":"gray_smooth_stone.png",
        "colorDiffuse":[0.8,0.8,0.8],
        "specularCoef":115,
        "mapDiffuseRepeat":[1,1],
        "blending":"NormalBlending",
        "depthTest":true,
        "shading":"phong",
        "transparent":true,
        "visible":true,
        "DbgColor":15658734,
        "wireframe":false,
        "doubleSided":false,
        "DbgIndex":0
    }]
}