{
    "materials":[{
        "depthTest":true,
        "mapDiffuse":"7BA2AD09_c.png",
        "mapDiffuseWrap":["repeat","repeat"],
        "specularCoef":1,
        "colorEmissive":[0,0,0],
        "depthWrite":true,
        "DbgColor":15597568,
        "mapDiffuseRepeat":[1,1],
        "shading":"phong",
        "opacity":1,
        "wireframe":false,
        "mapDiffuseAnisotropy":1,
        "visible":true,
        "DbgIndex":1,
        "transparent":true,
        "colorDiffuse":[0.996094,0.996094,0.917969],
        "blending":"NormalBlending",
        "colorSpecular":[0,0,0],
        "doubleSided":false,
        "DbgName":"NemuMat17.002"
    },{
        "depthTest":true,
        "mapDiffuse":"C04AE7E_c.png",
        "mapDiffuseWrap":["repeat","repeat"],
        "specularCoef":1,
        "colorEmissive":[0,0,0],
        "depthWrite":true,
        "DbgColor":15658734,
        "mapDiffuseRepeat":[1,1],
        "shading":"phong",
        "opacity":1,
        "wireframe":false,
        "mapDiffuseAnisotropy":1,
        "visible":true,
        "DbgIndex":0,
        "transparent":true,
        "colorDiffuse":[0.644531,0.644531,0.5625],
        "blending":"NormalBlending",
        "colorSpecular":[0,0,0],
        "doubleSided":false,
        "DbgName":"NemuMat253.000"
    }],
    "faces":[42,0,1,2,0,0,1,2,0,0,0,42,0,3,1,0,0,3,1,0,0,0,42,4,0,2,0,4,0,2,0,0,0,42,5,6,4,0,5,6,4,0,0,0,42,4,2,5,0,4,2,5,0,0,0,42,5,7,6,0,5,7,6,0,0,0,42,8,26,10,1,8,9,10,1,1,1,42,8,11,26,1,8,11,9,1,1,1,42,27,12,9,1,11,12,9,2,2,2,42,27,13,12,1,11,13,12,2,2,2,42,23,24,22,1,13,14,12,3,3,4,42,23,25,24,1,13,15,14,3,3,3,42,15,16,14,1,15,16,14,5,5,5,42,15,17,16,1,15,17,16,5,5,5,42,21,18,20,1,17,18,16,6,6,6,42,21,19,18,1,17,19,18,6,6,6],
    "normals":[0,1,0,0,0,-1,-0.707083,0,-0.707083,-1,0,0,-0.999969,0,0,-0.707083,0,0.707083,0,0,1],
    "uvs":[[3.9375,0.984375,0.984375,0,0,0.984375,2.95312,0,3.9375,2.95312,0,2.95312,2.95312,3.9375,0.984375,3.9375,1.39844,0,1.9834,0.9375,1.39844,0.9375,1.9834,0,2.39062,0.9375,2.39062,0,2.97559,0.9375,2.97559,0,3.38281,0.9375,3.38281,0,3.96777,0.9375,3.96777,0]],
    "vertices":[3.90605,0.837022,5.58008,6.69609,0.83702,-2.79004,3.90605,0.83702,-5.58008,6.69609,0.837021,2.79004,-1.67403,0.837023,5.58008,-1.67403,0.83702,-5.58008,-4.46407,0.837022,2.79004,-4.46407,0.837021,-2.79004,3.90605,-1.95304,-5.58008,-1.67403,0.837003,-5.58008,3.90605,0.837003,-5.58008,-1.67403,-1.95304,-5.58008,-4.46407,0.837004,-2.79004,-4.46407,-1.95304,-2.79004,-4.46407,0.837005,2.79004,-4.46407,-1.95303,2.79004,-1.67403,0.837006,5.58008,-1.67403,-1.95303,5.58008,3.90605,0.837005,5.58008,3.90605,-1.95303,5.58008,-1.67403,0.837006,5.58008,-1.67403,-1.95303,5.58008,-4.46407,0.837004,-2.79004,-4.46407,-1.95304,-2.79004,-4.46407,0.837005,2.79004,-4.46407,-1.95303,2.79004,-1.67403,0.837003,-5.58008,-1.67403,-1.95304,-5.58008],
    "metadata":{
        "materials":2,
        "faces":16,
        "version":3,
        "normals":7,
        "generator":"io_three",
        "type":"Geometry",
        "uvs":1,
        "vertices":28
    }
}