{
    "normals":[-1,-1.18649e-13,1.10301e-06,-1,-1.14878e-06,9.0867e-07,-1,1.56298e-06,4.40275e-07,-1,-0,0,1,0,-4.52881e-07,1,5.86581e-14,-4.97449e-07,1,1.16007e-13,-7.23083e-07,1,4.18659e-06,-8.57076e-07,-1,0,4.52881e-07,-1,-1.17316e-13,4.97449e-07,-1,-1.16007e-13,7.23083e-07,-1,1.34558e-12,1.71415e-06,5.28844e-07,0.740668,0.671871,7.22671e-07,0.349679,0.936869,-0,1,0,-7.79817e-07,5.13298e-08,-1,-1.14979e-07,0.951685,-0.307077,-8.82911e-14,-1,-1.1322e-07,-6.16985e-07,0.740668,-0.671871,-8.13005e-07,0.34968,-0.936869,2.62809e-07,0.951685,0.307076,7.79817e-07,-5.13298e-08,1,-0.000244148,-0.999969,-0.000640889,0.812098,0.133793,-0.567919,0.811762,0.133824,0.568407,-0.811701,0.134281,-0.568377,-0.811884,0.13419,0.568163,-1.96003e-08,1,1.01731e-07,-1,0,4.06924e-07,-0,0,1,1,0,-4.06924e-07,-0,0,-1],
    "metadata":{
        "generator":"io_three",
        "type":"Geometry",
        "faces":33,
        "materials":4,
        "normals":32,
        "vertices":47,
        "version":3,
        "uvs":1
    },
    "uvs":[[0,0,1,0,1,1,0,1,0.4688,0.4668,0.9668,0.9668,0.9668,0,0,0.9668,2.93436,-0.984808,-1.93436,-0.984808,-1.93436,1.98481,2.93436,1.98481,-2.6471,-0.479772,-2.6471,1.47977,3.6471,1.47977,3.6471,-0.479772]],
    "vertices":[-24.1768,7.13451,-3.28419,-24.1768,7.13451,3.63268,-24.1768,16.0003,3.63269,-24.1768,16.0003,-3.28418,-24.1768,17.6606,3.01298,-24.1768,17.6606,-2.66448,-24.1768,18.8809,1.6677,-24.1768,18.8809,-1.31919,-24.1768,19.255,0.508251,-24.1768,19.255,-0.159749,-24.231,6.84603,-4.03734,-24.231,16.1357,-4.03734,-24.231,16.1357,4.38584,-24.231,6.84603,4.38584,-24.231,18.1576,-3.28268,-24.231,18.1576,3.63118,-24.231,19.6437,-1.64443,-24.231,19.6437,1.99293,-24.231,20.0993,-0.232485,-24.231,20.0993,0.580987,-25.454,6.84603,-4.03734,-25.454,6.84603,4.38584,-25.454,16.1357,4.38584,-25.454,16.1357,-4.03734,-25.454,18.1576,3.63118,-25.454,18.1576,-3.28267,-25.454,19.6437,1.99293,-25.454,19.6437,-1.64443,-25.454,20.0993,0.580988,-25.454,20.0993,-0.232485,-0.0330801,-1.68674,0.168421,24.283,6.80792,-2.97796,24.2798,6.80792,3.3276,-24.2548,6.80792,-2.97784,-24.2579,6.80792,3.32772,24.3361,7.31484,-4.51299,-24.32,7.31484,-4.51299,-24.32,7.31484,4.86149,24.3361,7.31484,4.86149,-24.2499,6.79108,4.86149,-24.2499,7.31484,4.86149,-24.2499,7.31484,-4.51299,-24.2499,6.79108,-4.51299,24.3579,6.79108,4.86149,24.3579,7.31484,4.86149,24.3579,6.79108,-4.51299,24.3579,7.31484,-4.51299],
    "faces":[43,0,1,2,3,0,0,1,2,3,0,0,0,0,43,3,2,4,5,0,3,2,2,3,1,1,1,1,43,5,4,6,7,0,3,2,2,3,2,2,2,2,43,7,6,8,9,0,3,2,2,3,3,3,3,3,43,10,11,12,13,1,0,3,2,1,4,4,4,4,43,11,14,15,12,1,3,3,2,2,5,5,5,5,43,14,16,17,15,1,3,3,2,2,6,6,6,6,43,16,18,19,17,1,3,3,2,2,7,7,7,7,43,20,21,22,23,1,0,1,2,3,8,8,8,8,43,23,22,24,25,1,3,2,2,3,9,9,9,9,43,25,24,26,27,1,3,2,2,3,10,10,10,10,43,27,26,28,29,1,3,2,2,3,11,11,11,11,43,15,17,26,24,1,2,2,2,2,12,12,12,12,43,12,15,24,22,1,2,2,2,2,13,13,13,13,43,19,18,29,28,1,2,3,3,2,14,14,14,14,43,11,10,20,23,1,3,0,0,3,15,15,15,15,43,18,16,27,29,1,3,3,3,3,16,16,16,16,43,10,13,21,20,1,0,1,1,0,17,17,17,17,43,16,14,25,27,1,3,3,3,3,18,18,18,18,43,14,11,23,25,1,3,3,3,3,19,19,19,19,43,17,19,28,26,1,2,2,2,2,20,20,20,20,43,13,12,22,21,1,1,2,2,1,21,21,21,21,42,30,31,32,2,4,5,6,22,23,24,42,30,33,31,2,4,7,5,22,25,23,42,30,34,33,2,4,0,7,22,26,25,42,30,32,34,2,4,6,0,22,24,26,42,32,33,34,2,5,0,7,24,25,26,42,32,31,33,2,5,6,0,24,23,25,43,35,36,37,38,3,8,9,10,11,27,27,27,27,43,39,40,41,42,3,12,13,14,15,28,28,28,28,43,43,44,40,39,3,15,14,13,12,29,29,29,29,43,45,46,44,43,3,15,14,13,12,30,30,30,30,43,42,41,46,45,3,12,13,14,15,31,31,31,31],
    "materials":[{
        "colorEmissive":[0,0,0],
        "depthWrite":true,
        "DbgName":"doorwya",
        "opacity":1,
        "colorSpecular":[0.5,0.5,0.5],
        "colorDiffuse":[0,0,0],
        "specularCoef":115,
        "blending":"NormalBlending",
        "depthTest":true,
        "shading":"phong",
        "transparent":true,
        "visible":true,
        "DbgColor":15658734,
        "wireframe":false,
        "doubleSided":false,
        "DbgIndex":0
    },{
        "colorEmissive":[0,0,0],
        "depthWrite":true,
        "DbgName":"doorway_arch",
        "opacity":1,
        "colorSpecular":[0.5,0.5,0.5],
        "colorDiffuse":[1,1,1],
        "specularCoef":115,
        "blending":"NormalBlending",
        "depthTest":true,
        "shading":"phong",
        "transparent":true,
        "visible":true,
        "DbgColor":15597568,
        "wireframe":false,
        "doubleSided":false,
        "DbgIndex":1
    },{
        "colorEmissive":[0,0,0],
        "depthWrite":true,
        "DbgName":"grass_bottom.001",
        "opacity":1,
        "colorSpecular":[0.5,0.5,0.5],
        "mapDiffuseAnisotropy":1,
        "mapDiffuseWrap":["repeat","repeat"],
        "mapDiffuse":"gray_smooth_stone.png",
        "colorDiffuse":[0.8,0.8,0.8],
        "specularCoef":115,
        "mapDiffuseRepeat":[1,1],
        "blending":"NormalBlending",
        "depthTest":true,
        "shading":"phong",
        "transparent":true,
        "visible":true,
        "DbgColor":238,
        "wireframe":false,
        "doubleSided":false,
        "DbgIndex":3
    },{
        "colorEmissive":[0,0,0],
        "depthWrite":true,
        "DbgName":"checkerboard",
        "opacity":1,
        "colorSpecular":[0.5,0.5,0.5],
        "mapDiffuseAnisotropy":1,
        "mapDiffuseWrap":["repeat","repeat"],
        "mapDiffuse":"checkerboard.png",
        "colorDiffuse":[0.8,0.8,0.8],
        "specularCoef":115,
        "mapDiffuseRepeat":[1,1],
        "blending":"NormalBlending",
        "depthTest":true,
        "shading":"phong",
        "transparent":true,
        "visible":true,
        "DbgColor":60928,
        "wireframe":false,
        "doubleSided":false,
        "DbgIndex":2
    }]
}