{
    "data":{
        "index":{
            "type":"Uint16Array",
            "itemSize":1,
            "array":[0,1,2,0,3,1,4,3,0,4,5,3,6,5,4,6,7,5,8,7,6,8,9,7,10,9,8,10,11,9,12,11,10,12,13,11,14,13,12,14,15,13,16,15,14,16,17,15,18,19,20,18,21,19,22,21,18,22,23,21,24,23,22,24,25,23,26,25,24,26,27,25,28,27,26,28,29,27,30,29,28,30,31,29,32,31,30,32,33,31,34,33,32,34,35,33,36,37,38,36,39,37,40,39,36,40,41,39,42,41,40,42,43,41,44,43,42,44,45,43,46,45,44,46,47,45,48,47,46,48,49,47,50,49,48,50,51,49,52,51,50,52,53,51,54,55,56,54,57,55,58,57,54,58,59,57,60,59,58,60,61,59,62,61,60,62,63,61,64,63,62,64,65,63,66,65,64,66,67,65,68,67,66,68,69,67,70,69,68,70,71,69,72,73,74,72,75,73,76,75,72,76,77,75,78,77,76,78,79,77,80,79,78,80,81,79,82,81,80,82,83,81,84,83,82,84,85,83,86,85,84,86,87,85,88,87,86,88,89,87,90,19,91,90,20,19,92,93,94,92,95,93,95,96,93,95,97,96,97,98,96,97,99,98,99,100,98,99,101,100,101,102,100,101,103,102,103,104,102,103,105,104,106,34,107,106,35,34,108,109,110,108,111,109,111,112,109,111,113,112,113,114,112,113,115,114,115,116,114,115,117,116,117,118,116,117,119,118,119,120,118,119,121,120,121,122,120,121,123,122,123,124,122,123,125,124,126,127,128,126,129,127,129,130,127,129,131,130,131,132,130,131,133,132,133,134,132,133,135,134,135,136,134,135,137,136,137,138,136,137,139,138,139,140,138,139,141,140,141,142,140,141,143,142]
        },
        "attributes":{
            "position":{
                "type":"Float32Array",
                "itemSize":3,
                "array":[0.119944,-3.32593,-1.37294,0.121702,-0.446924,0.00474847,0.119944,-3.6,0.00474709,0.121702,-0.412939,-0.166199,0.119944,-2.5456,-2.54086,0.121702,-0.315967,-0.311219,0.119944,-1.37768,-3.32118,0.121702,-0.170947,-0.408191,0.119944,1.4201e-06,-3.59525,0.121702,4.4226e-08,-0.442175,0.119944,1.37769,-3.32118,0.121702,0.170947,-0.40819,0.119944,2.54561,-2.54086,0.121702,0.315967,-0.311218,0.119944,3.32593,-1.37294,0.121702,0.412939,-0.166198,0.119944,3.6,0.00474995,0.121702,0.446924,0.00474858,0.121702,0.412939,0.175696,-0.121756,0.446924,0.00474858,0.121702,0.446924,0.00474858,-0.121756,0.412939,0.175696,0.121702,0.315967,0.320716,-0.121756,0.315967,0.320716,0.121702,0.170947,0.417688,-0.121756,0.170947,0.417688,0.121702,-6.23289e-08,0.451673,-0.121756,-6.23289e-08,0.451673,0.121702,-0.170947,0.417688,-0.121756,-0.170947,0.417688,0.121702,-0.315967,0.320715,-0.121756,-0.315967,0.320715,0.121702,-0.412939,0.175695,-0.121756,-0.412939,0.175695,0.121702,-0.446924,0.00474847,-0.121756,-0.446924,0.00474847,0.121702,-0.412939,0.175695,0.119944,-3.6,0.00474709,0.121702,-0.446924,0.00474847,0.119944,-3.32593,1.38243,0.121702,-0.315967,0.320715,0.119944,-2.54561,2.55035,0.121702,-0.170947,0.417688,0.119944,-1.37769,3.33068,0.121702,-6.23289e-08,0.451673,0.119944,-1.4382e-06,3.60475,0.121702,0.170947,0.417688,0.119944,1.37768,3.33068,0.121702,0.315967,0.320716,0.119944,2.5456,2.55035,0.121702,0.412939,0.175696,0.119944,3.32593,1.38244,0.121702,0.446924,0.00474858,0.119944,3.6,0.00474995,0.119944,-3.32593,1.38243,-0.119997,-3.6,0.00474709,0.119944,-3.6,0.00474709,-0.119997,-3.32593,1.38243,0.119944,-2.54561,2.55035,-0.119997,-2.54561,2.55035,0.119944,-1.37769,3.33068,-0.119997,-1.37769,3.33068,0.119944,-1.4382e-06,3.60475,-0.119997,-1.4382e-06,3.60475,0.119944,1.37768,3.33068,-0.119997,1.37768,3.33068,0.119944,2.5456,2.55035,-0.119997,2.5456,2.55035,0.119944,3.32593,1.38244,-0.119997,3.32593,1.38244,0.119944,3.6,0.00474995,-0.119997,3.6,0.00474995,-0.119997,-3.32593,1.38243,-0.121756,-0.446924,0.00474847,-0.119997,-3.6,0.00474709,-0.121756,-0.412939,0.175695,-0.119997,-2.54561,2.55035,-0.121756,-0.315967,0.320715,-0.119997,-1.37769,3.33068,-0.121756,-0.170947,0.417688,-0.119997,-1.4382e-06,3.60475,-0.121756,-6.23289e-08,0.451673,-0.119997,1.37768,3.33068,-0.121756,0.170947,0.417688,-0.119997,2.5456,2.55035,-0.121756,0.315967,0.320716,-0.119997,3.32593,1.38244,-0.121756,0.412939,0.175696,-0.119997,3.6,0.00474995,-0.121756,0.446924,0.00474858,0.121702,0.412939,-0.166198,-0.121756,0.412939,-0.166198,-0.121756,0.412939,-0.166198,0.121702,0.315967,-0.311218,0.121702,0.412939,-0.166198,-0.121756,0.315967,-0.311218,0.121702,0.170947,-0.40819,-0.121756,0.170947,-0.40819,0.121702,4.4226e-08,-0.442175,-0.121756,4.4226e-08,-0.442175,0.121702,-0.170947,-0.408191,-0.121756,-0.170947,-0.408191,0.121702,-0.315967,-0.311219,-0.121756,-0.315967,-0.311219,0.121702,-0.412939,-0.166199,-0.121756,-0.412939,-0.166199,-0.121756,-0.412939,-0.166199,0.121702,-0.412939,-0.166199,-0.119997,-3.6,0.00474709,0.119944,-3.32593,-1.37294,0.119944,-3.6,0.00474709,-0.119997,-3.32593,-1.37294,0.119944,-2.5456,-2.54086,-0.119997,-2.5456,-2.54086,0.119944,-1.37768,-3.32118,-0.119997,-1.37768,-3.32118,0.119944,1.4201e-06,-3.59525,-0.119997,1.4201e-06,-3.59525,0.119944,1.37769,-3.32118,-0.119997,1.37769,-3.32118,0.119944,2.54561,-2.54086,-0.119997,2.54561,-2.54086,0.119944,3.32593,-1.37294,-0.119997,3.32593,-1.37294,0.119944,3.6,0.00474995,-0.119997,3.6,0.00474995,-0.121756,-0.446924,0.00474847,-0.119997,-3.32593,-1.37294,-0.119997,-3.6,0.00474709,-0.121756,-0.412939,-0.166199,-0.119997,-2.5456,-2.54086,-0.121756,-0.315967,-0.311219,-0.119997,-1.37768,-3.32118,-0.121756,-0.170947,-0.408191,-0.119997,1.4201e-06,-3.59525,-0.121756,4.4226e-08,-0.442175,-0.119997,1.37769,-3.32118,-0.121756,0.170947,-0.40819,-0.119997,2.54561,-2.54086,-0.121756,0.315967,-0.311218,-0.119997,3.32593,-1.37294,-0.121756,0.412939,-0.166198,-0.119997,3.6,0.00474995,-0.121756,0.446924,0.00474858]
            },
            "uv":{
                "type":"Float32Array",
                "itemSize":2,